Label,# Samples,Average,Min,Max,Std. Dev.,Error %,Throughput,Received KB/sec,Sent KB/sec,Avg. Bytes
HTTP Request,1000,3486,338,9881,2481.74,0.000%,101.20433,1053.14,13.44,10655.8
TOTAL,1000,3486,338,9881,2481.74,0.000%,101.20433,1053.14,13.44,10655.8
